{
  "name": "Excel_CSV",
  "description": "",
  "version": 4,
  "private": false,
  "concurrency": 1,
  "code": {
    "number": 0,
    "provider": "clock",
    "name": "scheduled_event",
    "as": "f5fb55be",
    "keyword": "trigger",
    "dynamicPickListSelection": {
      "time_unit": "Minutes"
    },
    "input": {
      "time_unit": "minutes",
      "trigger_every": "5"
    },
    "extended_input_schema": [
      {
        "control_type": "integer",
        "default": "5",
        "enforce_template_mode": true,
        "extends_schema": true,
        "hint": "Define repeating schedule. Enter whole numbers only.\n                        This field can be set to a minimum of 5 minutes.",
        "label": "Trigger every",
        "name": "trigger_every",
        "optional": false,
        "suffix": {
          "text": "minutes"
        },
        "type": "string"
      },
      {
        "control_type": "select",
        "hint": "Select the timezone to use. Leave it blank to use <b>{{authUser.account_timezone}}</b>",
        "label": "Timezone",
        "name": "timezone",
        "optional": true,
        "pick_list": "timezone_id_global_pick_list",
        "pick_list_connection_less": true,
        "type": "string"
      },
      {
        "control_type": "date_time",
        "enforce_template_mode": true,
        "extends_schema": true,
        "hint": "Set date and time to start or leave blank to start immediately. <b>Once recipe has been run or tested, value cannot be changed.</b>",
        "label": "Start after",
        "name": "start_after",
        "optional": true,
        "parse_output": "date_time_conversion",
        "since_field": true,
        "type": "date_time",
        "ignore_timezone": true,
        "render_input": "date_time_conversion"
      }
    ],
    "visible_config_fields": [
      "time_unit",
      "trigger_every",
      "timezone",
      "start_after"
    ],
    "block": [
      {
        "number": 1,
        "provider": "onprem_files",
        "name": "download_file",
        "as": "a4d21aa5",
        "keyword": "action",
        "toggleCfg": {
          "path": false
        },
        "input": {
          "path": "C:\\Workato\\Input\\my_excel.xlsx"
        },
        "uuid": "6934a7bd-c41e-4079-b894-eef4c88dbd57"
      },
      {
        "number": 2,
        "provider": "py_eval",
        "name": "invoke_custom_py_code",
        "as": "43bdff1e",
        "keyword": "action",
        "input": {
          "code": "import pandas as pd\nimport io\nimport base64\n\n# Get binary content from Workato\ninput_file = input['file']['content']\nif isinstance(input_file, str):\n    input_file = input_file.encode('utf-8')\n\n# Load Excel into pandas\nexcel_data = io.BytesIO(input_file)\ndf = pd.read_excel(excel_data)\n\n# Convert to CSV\ncsv_buffer = io.StringIO()\ndf.to_csv(csv_buffer, index=False)\n\n# Encode CSV back for Workato\ncsv_bytes = csv_buffer.getvalue().encode('utf-8')\nencoded = base64.b64encode(csv_bytes).decode('utf-8')\n\nresult = {\n    \"csv_file\": {\n        \"name\": \"converted.csv\",\n        \"content\": encoded\n    }\n}\n",
          "name": "Excel_to_CSV"
        },
        "extended_output_schema": [
          {
            "label": "Output",
            "name": "output",
            "properties": [

            ],
            "type": "object"
          }
        ],
        "extended_input_schema": [
          {
            "control_type": "form-schema-builder",
            "hint": "Define the input fields that will be passed to your Python code",
            "label": "Input fields",
            "name": "code_input",
            "optional": true,
            "override": true,
            "properties": [
              {
                "control_type": "text",
                "label": "Schema",
                "extends_schema": true,
                "type": "string",
                "name": "schema"
              },
              {
                "properties": [

                ],
                "label": "Data",
                "type": "object",
                "name": "data"
              }
            ],
            "sticky": true,
            "type": "object"
          }
        ],
        "uuid": "cbc45365-1674-41da-add3-6e08c35d309a"
      },
      {
        "number": 3,
        "provider": "onprem_files",
        "name": "upload_file_multistep",
        "as": "59b5291a",
        "keyword": "action",
        "toggleCfg": {
          "folder_path": false
        },
        "input": {
          "folder_path": "C:\\Workato\\Output\\converted.csv"
        },
        "uuid": "8eb06d10-c1c0-4f97-b142-ecfffefee7ae"
      }
    ],
    "uuid": "349531c5-e0f4-4b70-b00e-001061ae9741",
    "unfinished": false
  },
  "config": [
    {
      "keyword": "application",
      "provider": "clock",
      "skip_validation": false,
      "account_id": null
    },
    {
      "keyword": "application",
      "provider": "onprem_files",
      "skip_validation": false,
      "account_id": {
        "zip_name": "my_on_prem_files_account.connection.json",
        "name": "My On-prem files account",
        "folder": ""
      }
    },
    {
      "keyword": "application",
      "provider": "py_eval",
      "skip_validation": false,
      "account_id": null
    }
  ]
}