{
  "name": "Reqres_API_Recipe",
  "description": "",
  "version": 8,
  "private": false,
  "concurrency": 1,
  "code": {
    "number": 0,
    "provider": "clock",
    "name": "scheduled_event",
    "as": "4b33f2f0",
    "keyword": "trigger",
    "input": {
      "time_unit": "minutes",
      "trigger_every": "5\n"
    },
    "extended_input_schema": [
      {
        "control_type": "integer",
        "default": "5",
        "enforce_template_mode": true,
        "extends_schema": true,
        "hint": "Define repeating schedule. Enter whole numbers only.\n                        This field can be set to a minimum of 5 minutes.",
        "label": "Trigger every",
        "name": "trigger_every",
        "optional": false,
        "suffix": {
          "text": "minutes"
        },
        "type": "string"
      },
      {
        "control_type": "select",
        "hint": "Select the timezone to use. Leave it blank to use <b>{{authUser.account_timezone}}</b>",
        "label": "Timezone",
        "name": "timezone",
        "optional": true,
        "pick_list": "timezone_id_global_pick_list",
        "pick_list_connection_less": true,
        "type": "string"
      },
      {
        "control_type": "date_time",
        "enforce_template_mode": true,
        "extends_schema": true,
        "hint": "Set date and time to start or leave blank to start immediately. <b>Once recipe has been run or tested, value cannot be changed.</b>",
        "label": "Start after",
        "name": "start_after",
        "optional": true,
        "parse_output": "date_time_conversion",
        "since_field": true,
        "type": "date_time",
        "ignore_timezone": true,
        "render_input": "date_time_conversion"
      }
    ],
    "block": [
      {
        "number": 1,
        "provider": "rest",
        "name": "make_request_v2",
        "as": "13c77ba7",
        "keyword": "action",
        "toggleCfg": {
          "response.ignore_http_errors": true
        },
        "input": {
          "request_name": "Send request",
          "request": {
            "method": "GET",
            "content_type": "application/json",
            "url": "https://reqres.in/api/users?page=2"
          },
          "response": {
            "output_type": "json",
            "expected_encoding": "UTF-8",
            "ignore_http_errors": "false",
            "response_schema": "[{\"control_type\":\"number\",\"label\":\"Page\",\"parse_output\":\"float_conversion\",\"type\":\"number\",\"name\":\"page\"},{\"control_type\":\"number\",\"label\":\"Per page\",\"parse_output\":\"float_conversion\",\"type\":\"number\",\"name\":\"per_page\"},{\"control_type\":\"number\",\"label\":\"Total\",\"parse_output\":\"float_conversion\",\"type\":\"number\",\"name\":\"total\"},{\"control_type\":\"number\",\"label\":\"Total pages\",\"parse_output\":\"float_conversion\",\"type\":\"number\",\"name\":\"total_pages\"},{\"name\":\"data\",\"type\":\"array\",\"of\":\"object\",\"label\":\"Data\",\"properties\":[{\"control_type\":\"number\",\"label\":\"ID\",\"parse_output\":\"float_conversion\",\"type\":\"number\",\"name\":\"id\"},{\"control_type\":\"text\",\"label\":\"Email\",\"type\":\"string\",\"name\":\"email\"},{\"control_type\":\"text\",\"label\":\"First name\",\"type\":\"string\",\"name\":\"first_name\"},{\"control_type\":\"text\",\"label\":\"Last name\",\"type\":\"string\",\"name\":\"last_name\"},{\"control_type\":\"text\",\"label\":\"Avatar\",\"type\":\"string\",\"name\":\"avatar\"}]},{\"properties\":[{\"control_type\":\"text\",\"label\":\"URL\",\"type\":\"string\",\"name\":\"url\"},{\"control_type\":\"text\",\"label\":\"Text\",\"type\":\"string\",\"name\":\"text\"}],\"label\":\"Support\",\"type\":\"object\",\"name\":\"support\"}]",
            "headers_schema": "[{\"control_type\":\"text\",\"label\":\"Date\",\"render_input\":\"date_time_conversion\",\"parse_output\":\"date_time_conversion\",\"type\":\"date_time\",\"name\":\"date\"},{\"control_type\":\"text\",\"label\":\"Content type\",\"type\":\"string\",\"name\":\"content_type\"},{\"control_type\":\"text\",\"label\":\"Transfer encoding\",\"type\":\"string\",\"name\":\"transfer_encoding\"},{\"control_type\":\"text\",\"label\":\"Connection\",\"type\":\"string\",\"name\":\"connection\"},{\"control_type\":\"text\",\"label\":\"Access control allow credentials\",\"type\":\"string\",\"name\":\"access_control_allow_credentials\"},{\"control_type\":\"text\",\"label\":\"Access control allow headers\",\"type\":\"string\",\"name\":\"access_control_allow_headers\"},{\"control_type\":\"text\",\"label\":\"Access control allow methods\",\"type\":\"string\",\"name\":\"access_control_allow_methods\"},{\"control_type\":\"text\",\"label\":\"Access control allow origin\",\"type\":\"string\",\"name\":\"access_control_allow_origin\"},{\"control_type\":\"text\",\"label\":\"Etag\",\"type\":\"string\",\"name\":\"etag\"},{\"control_type\":\"text\",\"label\":\"Nel\",\"type\":\"string\",\"name\":\"nel\"},{\"control_type\":\"text\",\"label\":\"Ratelimit limit\",\"type\":\"string\",\"name\":\"ratelimit_limit\"},{\"control_type\":\"text\",\"label\":\"Ratelimit policy\",\"type\":\"string\",\"name\":\"ratelimit_policy\"},{\"control_type\":\"text\",\"label\":\"Ratelimit remaining\",\"type\":\"string\",\"name\":\"ratelimit_remaining\"},{\"control_type\":\"text\",\"label\":\"Ratelimit reset\",\"type\":\"string\",\"name\":\"ratelimit_reset\"},{\"control_type\":\"text\",\"label\":\"Referrer policy\",\"type\":\"string\",\"name\":\"referrer_policy\"},{\"control_type\":\"text\",\"label\":\"Report to\",\"type\":\"string\",\"name\":\"report_to\"},{\"control_type\":\"text\",\"label\":\"Reporting endpoints\",\"type\":\"string\",\"name\":\"reporting_endpoints\"},{\"control_type\":\"text\",\"label\":\"Server\",\"type\":\"string\",\"name\":\"server\"},{\"control_type\":\"text\",\"label\":\"Vary\",\"type\":\"string\",\"name\":\"vary\"},{\"control_type\":\"text\",\"label\":\"Via\",\"type\":\"string\",\"name\":\"via\"},{\"control_type\":\"text\",\"label\":\"X content type options\",\"type\":\"string\",\"name\":\"x_content_type_options\"},{\"control_type\":\"text\",\"label\":\"X frame options\",\"type\":\"string\",\"name\":\"x_frame_options\"},{\"control_type\":\"text\",\"label\":\"X request ID\",\"type\":\"string\",\"name\":\"x_request_id\"},{\"control_type\":\"text\",\"label\":\"X xss protection\",\"type\":\"string\",\"name\":\"x_xss_protection\"},{\"control_type\":\"text\",\"label\":\"Age\",\"type\":\"string\",\"name\":\"age\"},{\"control_type\":\"text\",\"label\":\"Cache control\",\"type\":\"string\",\"name\":\"cache_control\"},{\"control_type\":\"text\",\"label\":\"Cf cache status\",\"type\":\"string\",\"name\":\"cf_cache_status\"},{\"control_type\":\"text\",\"label\":\"Cf ray\",\"type\":\"string\",\"name\":\"cf_ray\"}]"
          },
          "wait_for_response": "false"
        },
        "extended_output_schema": [
          {
            "label": "Headers",
            "name": "headers",
            "properties": [
              {
                "control_type": "text",
                "label": "Date",
                "render_input": "date_time_conversion",
                "parse_output": "date_time_conversion",
                "type": "date_time",
                "name": "date"
              },
              {
                "control_type": "text",
                "label": "Content type",
                "type": "string",
                "name": "content_type"
              },
              {
                "control_type": "text",
                "label": "Transfer encoding",
                "type": "string",
                "name": "transfer_encoding"
              },
              {
                "control_type": "text",
                "label": "Connection",
                "type": "string",
                "name": "connection"
              },
              {
                "control_type": "text",
                "label": "Access control allow credentials",
                "type": "string",
                "name": "access_control_allow_credentials"
              },
              {
                "control_type": "text",
                "label": "Access control allow headers",
                "type": "string",
                "name": "access_control_allow_headers"
              },
              {
                "control_type": "text",
                "label": "Access control allow methods",
                "type": "string",
                "name": "access_control_allow_methods"
              },
              {
                "control_type": "text",
                "label": "Access control allow origin",
                "type": "string",
                "name": "access_control_allow_origin"
              },
              {
                "control_type": "text",
                "label": "Etag",
                "type": "string",
                "name": "etag"
              },
              {
                "control_type": "text",
                "label": "Nel",
                "type": "string",
                "name": "nel"
              },
              {
                "control_type": "text",
                "label": "Ratelimit limit",
                "type": "string",
                "name": "ratelimit_limit"
              },
              {
                "control_type": "text",
                "label": "Ratelimit policy",
                "type": "string",
                "name": "ratelimit_policy"
              },
              {
                "control_type": "text",
                "label": "Ratelimit remaining",
                "type": "string",
                "name": "ratelimit_remaining"
              },
              {
                "control_type": "text",
                "label": "Ratelimit reset",
                "type": "string",
                "name": "ratelimit_reset"
              },
              {
                "control_type": "text",
                "label": "Referrer policy",
                "type": "string",
                "name": "referrer_policy"
              },
              {
                "control_type": "text",
                "label": "Report to",
                "type": "string",
                "name": "report_to"
              },
              {
                "control_type": "text",
                "label": "Reporting endpoints",
                "type": "string",
                "name": "reporting_endpoints"
              },
              {
                "control_type": "text",
                "label": "Server",
                "type": "string",
                "name": "server"
              },
              {
                "control_type": "text",
                "label": "Vary",
                "type": "string",
                "name": "vary"
              },
              {
                "control_type": "text",
                "label": "Via",
                "type": "string",
                "name": "via"
              },
              {
                "control_type": "text",
                "label": "X content type options",
                "type": "string",
                "name": "x_content_type_options"
              },
              {
                "control_type": "text",
                "label": "X frame options",
                "type": "string",
                "name": "x_frame_options"
              },
              {
                "control_type": "text",
                "label": "X request ID",
                "type": "string",
                "name": "x_request_id"
              },
              {
                "control_type": "text",
                "label": "X xss protection",
                "type": "string",
                "name": "x_xss_protection"
              },
              {
                "control_type": "text",
                "label": "Age",
                "type": "string",
                "name": "age"
              },
              {
                "control_type": "text",
                "label": "Cache control",
                "type": "string",
                "name": "cache_control"
              },
              {
                "control_type": "text",
                "label": "Cf cache status",
                "type": "string",
                "name": "cf_cache_status"
              },
              {
                "control_type": "text",
                "label": "Cf ray",
                "type": "string",
                "name": "cf_ray"
              }
            ],
            "type": "object"
          },
          {
            "label": "Response",
            "name": "response",
            "properties": [
              {
                "control_type": "number",
                "label": "Page",
                "parse_output": "float_conversion",
                "type": "number",
                "name": "page"
              },
              {
                "control_type": "number",
                "label": "Per page",
                "parse_output": "float_conversion",
                "type": "number",
                "name": "per_page"
              },
              {
                "control_type": "number",
                "label": "Total",
                "parse_output": "float_conversion",
                "type": "number",
                "name": "total"
              },
              {
                "control_type": "number",
                "label": "Total pages",
                "parse_output": "float_conversion",
                "type": "number",
                "name": "total_pages"
              },
              {
                "name": "data",
                "type": "array",
                "of": "object",
                "label": "Data",
                "properties": [
                  {
                    "control_type": "number",
                    "label": "ID",
                    "parse_output": "float_conversion",
                    "type": "number",
                    "name": "id"
                  },
                  {
                    "control_type": "text",
                    "label": "Email",
                    "type": "string",
                    "name": "email"
                  },
                  {
                    "control_type": "text",
                    "label": "First name",
                    "type": "string",
                    "name": "first_name"
                  },
                  {
                    "control_type": "text",
                    "label": "Last name",
                    "type": "string",
                    "name": "last_name"
                  },
                  {
                    "control_type": "text",
                    "label": "Avatar",
                    "type": "string",
                    "name": "avatar"
                  }
                ]
              },
              {
                "properties": [
                  {
                    "control_type": "text",
                    "label": "URL",
                    "type": "string",
                    "name": "url"
                  },
                  {
                    "control_type": "text",
                    "label": "Text",
                    "type": "string",
                    "name": "text"
                  }
                ],
                "label": "Support",
                "type": "object",
                "name": "support"
              }
            ],
            "type": "object"
          }
        ],
        "extended_input_schema": [
          {
            "label": "Response",
            "name": "response",
            "override": true,
            "properties": [
              {
                "control_type": "select",
                "label": "Response content type",
                "pick_list": [
                  [
                    "Text",
                    "rawdatatxt"
                  ],
                  [
                    "Binary",
                    "rawdata"
                  ],
                  [
                    "JSON",
                    "json"
                  ],
                  [
                    "XML",
                    "xml2"
                  ]
                ],
                "hint": "Select expected format of data response type, e.g. JSON or XML. <a href=\"https://docs.workato.com/developing-connectors/http.html#response-type\" target=\"_blank\">Learn more</a>",
                "default": "json",
                "extends_schema": true,
                "type": "string",
                "name": "output_type"
              },
              {
                "control_type": "select",
                "label": "Encoding",
                "pick_list": "supported_encodings_without_binary_global_pick_list",
                "pick_list_connection_less": true,
                "optional": true,
                "default": "UTF-8",
                "hint": "Default encoding type is set to UTF-8, and typically doesn't need to be changed. <a href=\"https://docs.workato.com/developing-connectors/http.html#response-type\" target=\"_blank\">Learn more</a>",
                "type": "string",
                "name": "expected_encoding"
              },
              {
                "control_type": "schema-designer",
                "label": "Response schema",
                "sample_data_type": "json_http",
                "extends_schema": true,
                "empty_schema_title": "Describe all fields in your response.",
                "optional": true,
                "sticky": true,
                "type": "string",
                "name": "response_schema"
              },
              {
                "control_type": "schema-designer",
                "label": "HTTP response headers",
                "extends_schema": true,
                "empty_schema_title": "Describe all the response headers",
                "optional": true,
                "sticky": true,
                "type": "string",
                "name": "headers_schema"
              },
              {
                "control_type": "checkbox",
                "label": "Mark non-2xx response codes as success?",
                "default": "false",
                "hint": "If <b>yes</b>, non 2xx response codes returned will be marked as a successful action. If <b>no</b>, non 2xx response codes returned will be marked as an error.",
                "optional": true,
                "toggle_hint": "Select from option list",
                "toggle_field": {
                  "label": "Mark non-2xx response codes as success?",
                  "control_type": "text",
                  "toggle_hint": "Use custom value",
                  "default": false,
                  "hint": "If <b>yes</b>, non 2xx response codes returned will be marked as a successful action. If <b>no</b>, non 2xx response codes returned will be marked as an error.",
                  "optional": true,
                  "render_input": null,
                  "parse_output": null,
                  "type": "boolean",
                  "name": "ignore_http_errors"
                },
                "type": "boolean",
                "name": "ignore_http_errors"
              }
            ],
            "type": "object"
          }
        ],
        "uuid": "e0e3cf9c-77a1-4e55-9a9f-d0655fc44078",
        "wizardFinished": true
      },
      {
        "number": 2,
        "provider": "workato_variable",
        "name": "declare_list",
        "as": "a40974c2",
        "keyword": "action",
        "input": {
          "name": "My_list",
          "list_item_schema_json": "[]"
        },
        "uuid": "38dba7c9-6fa1-4eec-872a-486afb479d4e"
      },
      {
        "number": 3,
        "as": "a2a3cb2d",
        "keyword": "foreach",
        "repeat_mode": "batch",
        "clear_scope": "false",
        "input": {
        },
        "block": [
          {
            "number": 4,
            "provider": "workato_variable",
            "name": "insert_to_list",
            "as": "9a5d9486",
            "keyword": "action",
            "dynamicPickListSelection": {
              "name": "My_list (step 3)"
            },
            "input": {
              "location": "start",
              "name": "38dba7c9-6fa1-4eec-872a-486afb479d4e:a40974c2"
            },
            "uuid": "73fe8984-f779-423d-95a9-21859d43d72b"
          },
          {
            "number": 5,
            "provider": "csv_parser",
            "name": "create_csv_lines",
            "as": "f253a2ce",
            "keyword": "action",
            "toggleCfg": {
              "create_header_line": false,
              "force_quotes": true
            },
            "input": {
              "column_separator": ",",
              "force_quotes": "false",
              "column_labels": "ID\nEmail\nFirst_name\nLast_name\n",
              "create_header_line": "true",
              "lines": {
                "column_0": "#{_dp('{\"pill_type\":\"output\",\"provider\":\"foreach\",\"line\":\"a2a3cb2d\",\"path\":[\"batch\",{\"path_element_type\":\"current_item\"},\"id\"]}')}",
                "column_1": "#{_dp('{\"pill_type\":\"output\",\"provider\":\"foreach\",\"line\":\"a2a3cb2d\",\"path\":[\"batch\",{\"path_element_type\":\"current_item\"},\"email\"]}')}",
                "column_2": "#{_dp('{\"pill_type\":\"output\",\"provider\":\"foreach\",\"line\":\"a2a3cb2d\",\"path\":[\"batch\",{\"path_element_type\":\"current_item\"},\"first_name\"]}')}",
                "column_3": "#{_dp('{\"pill_type\":\"output\",\"provider\":\"foreach\",\"line\":\"a2a3cb2d\",\"path\":[\"batch\",{\"path_element_type\":\"current_item\"},\"last_name\"]}')}"
              }
            },
            "extended_input_schema": [
              {
                "hint": "Provide field mappings for the CSV data below.",
                "label": "CSV data lines",
                "name": "lines",
                "of": "object",
                "properties": [
                  {
                    "control_type": "text",
                    "label": "ID",
                    "optional": true,
                    "sticky": true,
                    "type": "string",
                    "name": "column_0"
                  },
                  {
                    "control_type": "text",
                    "label": "Email",
                    "optional": true,
                    "sticky": true,
                    "type": "string",
                    "name": "column_1"
                  },
                  {
                    "control_type": "text",
                    "label": "First_name",
                    "optional": true,
                    "sticky": true,
                    "type": "string",
                    "name": "column_2"
                  },
                  {
                    "control_type": "text",
                    "label": "Last_name",
                    "optional": true,
                    "sticky": true,
                    "type": "string",
                    "name": "column_3"
                  }
                ],
                "type": "array"
              }
            ],
            "uuid": "5f81f259-a340-4dd1-b7ec-d403d590c6b1"
          }
        ],
        "source": "#{_dp('{\"pill_type\":\"output\",\"provider\":\"rest\",\"line\":\"13c77ba7\",\"path\":[\"response\",\"data\"]}')}",
        "uuid": "a573c6b6-0554-4e56-a6c2-5cd9509b2ac6"
      },
      {
        "number": 6,
        "provider": "email",
        "name": "send_mail",
        "as": "e8ad9f77",
        "keyword": "action",
        "input": {
          "email_type": "plain_text",
          "to": "vishalsbk1999@gmail.com",
          "subject": "User Data CSV Report",
          "body": "Hi Team, Please find attached the latest user data.\n\n\n#{_dp('{\"pill_type\":\"output\",\"provider\":\"csv_parser\",\"line\":\"f253a2ce\",\"path\":[\"csv_lines\"]}')}"
        },
        "uuid": "0ea4e4e3-39a8-4ed8-adfb-900ca022d57a"
      },
      {
        "number": 7,
        "as": "15cd2c2b",
        "keyword": "stop",
        "input": {
          "stop_with_error": "false"
        },
        "uuid": "accf2238-7593-468f-b778-f51396e3d9dc"
      }
    ],
    "uuid": "fcb3dfe5-dd60-41ab-a099-371669258bfb",
    "unfinished": false
  },
  "config": [
    {
      "keyword": "application",
      "provider": "rest",
      "skip_validation": false,
      "account_id": {
        "zip_name": "my_http_account.connection.json",
        "name": "My HTTP account",
        "folder": ""
      }
    },
    {
      "keyword": "application",
      "provider": "clock",
      "skip_validation": false,
      "account_id": null
    },
    {
      "keyword": "application",
      "provider": "workato_variable",
      "skip_validation": false,
      "account_id": null
    },
    {
      "keyword": "application",
      "provider": "csv_parser",
      "skip_validation": false,
      "account_id": null
    },
    {
      "keyword": "application",
      "provider": "email",
      "skip_validation": false,
      "account_id": null
    }
  ]
}